prediction;test_price
27.739999771118164;28.78
27.6299991607666;28.81
27.850000381469727;28.14
27.969999313354492;28.2
27.81999969482422;28.74
28.040000915527344;29.0
28.389999389648438;28.63
28.299999237060547;28.29
28.290000915527344;28.28
28.200000762939453;28.16
28.18000030517578;27.78
28.40999984741211;27.72
27.889999389648438;27.16
27.860000610351562;27.18
27.6200008392334;26.64
27.489999771118164;26.31
27.06999969482422;26.76
26.920000076293945;26.45
26.780000686645508;26.48
26.489999771118164;26.04
26.260000228881836;26.02
26.200000762939453;25.1
26.170000076293945;24.87
25.360000610351562;24.53
25.18000030517578;24.88
24.979999542236328;25.5
24.959999084472656;25.02
24.8799991607666;25.62
24.84000015258789;25.12
24.760000228881836;25.66
24.719999313354492;26.03
25.020000457763672;26.75
25.06999969482422;26.96
25.209999084472656;26.23
25.399999618530273;27.48
25.469999313354492;27.67
25.469999313354492;28.02
26.1299991607666;27.85
26.530000686645508;27.94
26.709999084472656;28.6
26.969999313354492;28.19
27.15999984741211;28.34
27.530000686645508;28.08
27.670000076293945;28.42
27.579999923706055;28.15
27.59000015258789;28.41
27.530000686645508;28.69
27.6299991607666;28.69
27.850000381469727;28.88
27.90999984741211;28.39
28.239999771118164;28.27
28.170000076293945;28.27
28.1200008392334;27.8
28.170000076293945;27.6
27.829999923706055;27.26
27.68000030517578;26.83
27.81999969482422;26.57
27.5;27.21
27.09000015258789;27.4
27.110000610351562;27.33
27.1200008392334;26.85
27.040000915527344;26.57
26.579999923706055;27.67
26.65999984741211;27.25
26.950000762939453;27.83
26.639999389648438;27.95
26.700000762939453;27.99
26.780000686645508;27.71
27.15999984741211;27.37
27.110000610351562;27.04
26.809999465942383;27.37
26.790000915527344;27.84
27.100000381469727;27.53
26.90999984741211;27.51
27.030000686645508;27.25
27.1299991607666;27.5
27.030000686645508;27.1
27.110000610351562;26.91
27.139999389648438;27.35
26.90999984741211;26.33
26.65999984741211;26.21
26.770000457763672;26.11
26.450000762939453;26.45
26.399999618530273;26.85
26.40999984741211;27.33
26.670000076293945;27.44
26.90999984741211;27.3
27.059999465942383;27.6
27.170000076293945;27.86
27.049999237060547;28.23
27.489999771118164;28.29
27.440000534057617;28.58
27.43000030517578;28.29
27.829999923706055;29.05
27.809999465942383;29.22
28.149999618530273;29.04
28.290000915527344;29.42
28.360000610351562;30.27
28.690000534057617;30.15
28.84000015258789;29.92
29.079999923706055;30.33
29.149999618530273;29.95
29.3799991607666;30.36
29.690000534057617;30.52
29.729999542236328;30.45
29.790000915527344;30.29
30.030000686645508;29.74
30.149999618530273;29.36
29.65999984741211;29.32
29.6299991607666;28.99
29.559999465942383;29.35
29.239999771118164;29.54
29.25;29.49
29.15999984741211;29.31
29.219999313354492;29.05
28.8700008392334;28.95
28.770000457763672;29.97
28.93000030517578;30.09
29.360000610351562;28.8
29.239999771118164;28.95
29.360000610351562;29.51
29.190000534057617;29.02
29.239999771118164;29.0
29.469999313354492;29.6
29.139999389648438;29.36
29.270000457763672;28.88
29.25;28.74
29.09000015258789;28.69
29.0;27.86
29.020000457763672;28.26
28.309999465942383;28.11
28.260000228881836;28.34
28.329999923706055;27.51
28.25;27.54
27.989999771118164;27.22
27.889999389648438;27.09
27.510000228881836;26.79
27.229999542236328;26.96
27.260000228881836;26.24
26.969999313354492;26.13
26.6200008392334;25.77
26.3799991607666;25.82
26.09000015258789;25.47
25.84000015258789;25.39
25.729999542236328;25.67
25.520000457763672;26.55
25.219999313354492;27.22
25.360000610351562;26.96
25.829999923706055;26.6
26.030000686645508;26.53
25.75;27.17
25.760000228881836;27.06
25.93000030517578;27.13
26.1200008392334;26.61
26.18000030517578;26.97
25.84000015258789;27.63
26.15999984741211;26.48
26.350000381469727;26.24
26.3799991607666;26.49
26.350000381469727;27.31
26.270000457763672;27.41
26.219999313354492;26.97
26.329999923706055;27.94
26.420000076293945;28.61
26.649999618530273;28.06
26.850000381469727;27.69
27.049999237060547;28.2
27.0;28.35
27.079999923706055;27.99
27.260000228881836;27.7
27.3700008392334;27.76
27.6299991607666;27.77
27.399999618530273;28.09
27.260000228881836;27.57
27.290000915527344;27.66
27.68000030517578;27.71
27.3700008392334;28.43
27.209999084472656;28.22
27.559999465942383;28.3
27.6299991607666;28.36
27.829999923706055;27.51
27.690000534057617;27.36
27.549999237060547;28.72
27.649999618530273;28.29
28.190000534057617;28.59
28.260000228881836;28.74
28.25;29.01
28.260000228881836;28.23
28.459999084472656;28.36
28.209999084472656;28.08
28.34000015258789;29.17
28.229999542236328;30.0
28.100000381469727;28.71
28.530000686645508;28.38
28.329999923706055;27.72
28.170000076293945;28.33
27.979999542236328;28.57
28.09000015258789;25.94
28.260000228881836;26.77
27.299999237060547;26.76
27.0;26.14
26.920000076293945;25.77
26.860000610351562;24.65
26.520000457763672;23.18
25.510000228881836;22.4
25.0;20.76
24.43000030517578;20.1
23.06999969482422;23.31
22.09000015258789;22.4
22.110000610351562;20.39
22.040000915527344;21.17
21.59000015258789;21.59
20.770000457763672;23.16
20.780000686645508;22.08
21.420000076293945;20.11
21.329999923706055;20.41
21.030000686645508;19.72
20.90999984741211;18.64
20.329999923706055;20.86
20.079999923706055;20.91
19.989999771118164;22.1
19.8700008392334;22.6
20.540000915527344;21.84
20.950000762939453;22.7
20.93000030517578;21.14
21.020000457763672;19.9
20.6299991607666;20.38
20.389999389648438;19.26
20.489999771118164;19.0
19.860000610351562;17.59
19.8799991607666;18.89
19.309999465942383;18.39
19.3700008392334;17.22
19.459999084472656;18.03
18.799999237060547;17.4
18.280000686645508;16.34
18.15999984741211;18.42
17.520000457763672;19.37
17.56999969482422;19.22
18.030000686645508;19.63
18.459999084472656;19.65
18.290000915527344;17.74
18.350000381469727;18.72
18.510000228881836;19.14
18.959999084472656;19.01
18.8799991607666;19.86
19.100000381469727;21.74
19.1200008392334;20.53
19.649999618530273;20.68
19.829999923706055;20.21
19.690000534057617;20.02
19.790000915527344;20.16
19.899999618530273;21.06
19.350000381469727;20.88
19.8700008392334;20.21
19.920000076293945;19.86
19.959999084472656;19.42
19.799999237060547;19.35
19.440000534057617;19.47
19.829999923706055;19.64
19.84000015258789;19.01
19.440000534057617;19.9
19.270000457763672;20.09
19.670000076293945;21.18
19.309999465942383;20.81
19.389999389648438;21.53
19.530000686645508;20.52
19.889999389648438;20.28
20.100000381469727;19.75
20.110000610351562;19.36
19.690000534057617;18.77
19.8700008392334;18.42
19.75;18.91
18.84000015258789;19.0
18.65999984741211;17.92
19.09000015258789;18.8
19.110000610351562;18.57
18.56999969482422;18.25
19.0;18.47
18.8700008392334;18.82
18.6200008392334;19.73
18.739999771118164;18.82
18.799999237060547;18.31
18.950000762939453;17.89
18.950000762939453;18.26
18.68000030517578;16.82
18.8799991607666;16.57
18.030000686645508;17.22
17.649999618530273;17.21
17.8700008392334;16.61
17.610000610351562;16.38
17.110000610351562;16.67
16.899999618530273;16.4
16.6200008392334;15.8
16.770000457763672;15.61
16.219999313354492;15.66
15.960000038146973;15.52
16.15999984741211;15.03
16.030000686645508;15.87
15.699999809265137;15.37
16.030000686645508;14.93
16.389999389648438;14.85
15.850000381469727;14.21
15.130000114440918;14.49
15.239999771118164;15.0
15.510000228881836;14.16
15.710000038146973;14.02
15.529999732971191;13.8
15.59000015258789;14.71
14.949999809265137;14.69
14.789999961853027;15.43
14.960000038146973;15.17
14.90999984741211;15.24
15.460000038146973;15.78
15.319999694824219;16.04
14.920000076293945;15.67
15.720000267028809;15.45
15.729999542236328;16.75
15.529999732971191;16.19
15.449999809265137;16.41
15.890000343322754;16.88
16.389999389648438;16.46
16.239999771118164;15.81
16.139999389648438;16.08
16.229999542236328;16.64
16.110000610351562;17.89
15.819999694824219;17.71
16.06999969482422;17.37
16.1200008392334;16.93
16.209999084472656;17.14
16.709999084472656;17.6
17.209999084472656;17.29
17.200000762939453;16.84
17.549999237060547;17.47
17.1299991607666;18.16
17.25;18.05
17.700000762939453;17.19
17.489999771118164;17.24
17.110000610351562;17.18
17.479999542236328;17.38
17.239999771118164;17.94
17.170000076293945;17.48
17.1200008392334;17.28
17.459999084472656;18.6
17.170000076293945;19.39
17.299999237060547;19.43
18.270000457763672;20.24
18.610000610351562;20.5
18.440000534057617;22.91
18.5;22.43
19.809999465942383;22.54
20.459999084472656;21.88
20.829999923706055;21.53
21.049999237060547;20.9
20.729999542236328;20.79
20.690000534057617;20.73
20.90999984741211;21.44
20.600000381469727;21.09
20.90999984741211;20.85
21.139999389648438;20.57
20.90999984741211;20.99
20.6200008392334;21.73
21.0;21.14
20.760000228881836;21.24
20.600000381469727;21.45
20.690000534057617;22.16
20.940000534057617;22.25
21.40999984741211;22.21
21.989999771118164;22.26
21.770000457763672;22.09
21.530000686645508;22.43
21.8799991607666;22.43
21.969999313354492;22.22
22.329999923706055;22.34
22.68000030517578;22.19
22.110000610351562;21.47
22.3700008392334;20.8
22.809999465942383;20.97
22.5;21.0
21.68000030517578;20.83
21.75;20.06
21.959999084472656;20.26
21.360000610351562;20.28
20.389999389648438;20.85
20.299999237060547;20.75
20.75;20.95
20.459999084472656;20.66
20.219999313354492;20.76
20.059999465942383;20.22
20.440000534057617;20.44
20.219999313354492;19.95
20.1200008392334;19.69
20.260000228881836;19.95
20.360000610351562;19.84
20.06999969482422;20.1
20.010000228881836;20.46
19.84000015258789;21.32
20.479999542236328;21.95
20.399999618530273;21.7
20.68000030517578;22.46
20.6200008392334;22.31
20.549999237060547;22.47
20.719999313354492;23.73
21.600000381469727;23.54
22.440000534057617;23.42
22.170000076293945;23.35
22.3700008392334;22.92
22.899999618530273;23.22
22.90999984741211;22.24
22.950000762939453;22.6
22.3700008392334;22.7
22.68000030517578;22.38
22.920000076293945;22.46
22.350000381469727;23.63
22.110000610351562;23.41
22.290000915527344;22.93
22.239999771118164;23.22
22.360000610351562;23.25
22.09000015258789;22.9
22.479999542236328;22.22
22.559999465942383;22.31
22.219999313354492;22.56
22.239999771118164;22.92
22.290000915527344;23.72
22.389999389648438;23.73
22.459999084472656;23.79
22.670000076293945;23.91
22.34000015258789;23.92
22.940000534057617;23.77
22.940000534057617;23.06
22.940000534057617;22.74
23.1299991607666;22.49
22.600000381469727;22.53
22.65999984741211;22.93
23.450000762939453;23.27
23.280000686645508;23.86
23.100000381469727;25.11
23.239999771118164;25.16
23.6299991607666;24.86
23.799999237060547;25.05
23.479999542236328;25.12
23.860000610351562;25.2
24.209999084472656;25.18
24.350000381469727;24.79
24.56999969482422;25.13
24.299999237060547;24.86
24.360000610351562;24.77
24.899999618530273;24.46
24.780000686645508;25.0
24.989999771118164;24.74
25.200000762939453;24.31
24.690000534057617;24.23
24.309999465942383;24.09
24.450000762939453;24.5
24.030000686645508;24.95
23.84000015258789;24.94
23.809999465942383;25.39
24.270000457763672;25.36
24.3700008392334;25.36
24.780000686645508;25.16
25.020000457763672;25.6
25.299999237060547;25.88
25.079999923706055;26.03
25.389999389648438;26.45
25.40999984741211;25.99
25.860000610351562;25.88
25.829999923706055;26.07
25.450000762939453;25.58
25.440000534057617;25.37
25.6200008392334;24.94
25.229999542236328;24.12
24.920000076293945;24.92
24.420000076293945;24.23
24.360000610351562;24.27
24.270000457763672;24.46
24.139999389648438;24.82
24.06999969482422;25.68
24.170000076293945;25.29
24.59000015258789;25.68
24.90999984741211;25.78
25.190000534057617;25.93
25.34000015258789;25.72
25.299999237060547;26.95
25.709999084472656;27.18
26.200000762939453;27.33
26.020000457763672;27.16
26.3799991607666;26.75
26.350000381469727;26.57
26.450000762939453;26.99
26.420000076293945;26.77
26.059999465942383;27.1
26.110000610351562;26.87
26.540000915527344;26.76
26.079999923706055;27.21
26.459999084472656;27.26
26.729999542236328;26.86
26.989999771118164;27.31
26.709999084472656;27.45
26.540000915527344;27.17
26.860000610351562;27.18
27.280000686645508;28.03
26.969999313354492;28.39
27.420000076293945;28.51
27.719999313354492;28.82
27.889999389648438;29.05
28.25;28.6
28.219999313354492;28.62
28.149999618530273;29.02
27.93000030517578;28.94
28.329999923706055;29.05
28.290000915527344;28.92
28.399999618530273;28.58
28.25;29.0
28.049999237060547;28.91
28.18000030517578;28.88
28.450000762939453;28.72
28.510000228881836;28.65
28.649999618530273;28.5
28.479999542236328;28.51
28.309999465942383;28.55
28.399999618530273;28.09
28.399999618530273;27.6
28.56999969482422;28.03
28.100000381469727;27.78
28.049999237060547;27.41
27.959999084472656;27.77
27.920000076293945;27.94
27.75;27.42
27.3700008392334;26.85
27.389999389648438;26.8
27.34000015258789;26.57
27.149999618530273;26.26
26.84000015258789;26.29
26.979999542236328;26.47
26.950000762939453;26.44
26.809999465942383;26.85
26.68000030517578;27.54
26.65999984741211;26.57
26.889999389648438;26.46
26.799999237060547;26.4
26.579999923706055;26.73
26.459999084472656;26.9
26.34000015258789;27.01
26.280000686645508;26.93
26.290000915527344;27.29
26.170000076293945;27.64
26.350000381469727;27.78
26.6299991607666;27.97
27.040000915527344;27.87
26.940000534057617;27.69
26.809999465942383;28.11
27.040000915527344;28.09
27.219999313354492;27.98
27.350000381469727;28.25
27.469999313354492;28.55
27.3700008392334;28.34
28.040000915527344;29.17
28.15999984741211;29.75
28.290000915527344;29.73
28.440000534057617;29.83
28.59000015258789;29.85
28.90999984741211;30.28
29.190000534057617;30.17
29.030000686645508;30.2
29.270000457763672;30.23
29.100000381469727;30.23
29.0;30.26
28.979999542236328;30.13
29.31999969482422;30.41
29.530000686645508;30.46
29.600000381469727;30.8
29.780000686645508;31.43
29.93000030517578;31.63
30.149999618530273;31.49
30.549999237060547;31.44
30.59000015258789;31.27
30.700000762939453;31.84
30.8700008392334;31.54
30.959999084472656;31.77
31.100000381469727;31.63
31.149999618530273;31.95
31.020000457763672;32.44
31.190000534057617;32.15
31.6299991607666;32.1
31.540000915527344;32.42
31.3700008392334;32.6
31.559999465942383;32.09
31.690000534057617;32.4
31.780000686645508;32.73
31.84000015258789;32.75
31.84000015258789;32.94
32.11000061035156;32.95
32.220001220703125;33.18
32.41999816894531;32.53
32.959999084472656;32.5
32.97999954223633;33.34
32.86000061035156;33.0
33.18000030517578;33.64
32.9900016784668;32.77
33.0;31.65
32.900001525878906;30.46
32.45000076293945;29.92
31.760000228881836;31.61
31.40999984741211;32.03
30.979999542236328;31.46
31.149999618530273;31.12
31.020000457763672;30.51
30.739999771118164;30.63
30.530000686645508;30.21
30.3799991607666;29.91
30.6200008392334;28.65
30.18000030517578;29.44
29.920000076293945;29.09
29.719999313354492;28.95
29.670000076293945;29.62
29.450000762939453;30.78
29.1200008392334;29.93
29.489999771118164;29.85
29.600000381469727;31.12
29.229999542236328;31.09
29.43000030517578;30.17
29.610000610351562;29.59
29.530000686645508;29.69
29.450000762939453;29.5
29.200000762939453;30.55
29.200000762939453;30.67
29.5;30.39
29.510000228881836;31.34
29.75;31.16
29.979999542236328;31.41
29.989999771118164;31.48
30.350000381469727;31.4
30.649999618530273;30.77
30.510000228881836;30.76
30.700000762939453;30.09
31.0;29.99
30.760000228881836;29.75
30.600000381469727;28.93
30.09000015258789;28.21
29.899999618530273;28.2
29.68000030517578;28.11
29.190000534057617;28.41
28.739999771118164;29.68
28.420000076293945;29.86
28.520000457763672;30.23
28.739999771118164;30.25
28.829999923706055;30.86
28.989999771118164;30.67
29.399999618530273;30.5
29.690000534057617;29.58
29.81999969482422;29.83
29.700000762939453;29.91
29.75;29.39
29.760000228881836;30.09
29.43000030517578;30.57
29.3799991607666;30.81
29.489999771118164;30.7
29.739999771118164;30.49
29.84000015258789;30.19
29.56999969482422;30.17
29.170000076293945;30.88
29.020000457763672;30.64
29.229999542236328;31.2
29.56999969482422;31.33
29.459999084472656;31.35
29.649999618530273;31.49
30.06999969482422;31.61
30.639999389648438;30.65
30.639999389648438;30.44
30.360000610351562;30.17
30.40999984741211;30.15
30.260000228881836;30.24
29.90999984741211;30.37
29.889999389648438;29.73
30.299999237060547;29.6
29.969999313354492;29.49
29.59000015258789;28.79
29.31999969482422;28.76
28.84000015258789;28.61
28.889999389648438;29.36
28.540000915527344;28.97
28.450000762939453;29.14
28.399999618530273;30.01
28.3799991607666;30.37
28.540000915527344;31.05
29.010000228881836;30.31
29.079999923706055;30.31
29.18000030517578;30.52
29.229999542236328;30.59
29.729999542236328;30.69
29.690000534057617;30.5
29.989999771118164;30.64
30.1200008392334;30.6
29.780000686645508;30.95
29.809999465942383;31.26
30.149999618530273;30.9
30.299999237060547;30.44
30.18000030517578;29.66
30.170000076293945;30.08
29.43000030517578;29.82
29.469999313354492;29.75
29.510000228881836;29.57
29.559999465942383;29.65
29.469999313354492;29.86
29.68000030517578;29.68
29.799999237060547;30.3
29.530000686645508;30.2
29.510000228881836;30.37
29.579999923706055;30.91
29.6200008392334;30.96
29.6200008392334;30.88
30.200000762939453;31.27
30.510000228881836;31.21
30.709999084472656;31.24
30.530000686645508;31.12
30.90999984741211;30.67
31.149999618530273;31.01
31.010000228881836;31.06
30.899999618530273;31.32
30.530000686645508;31.76
30.799999237060547;32.21
30.639999389648438;32.17
30.799999237060547;32.7
30.989999771118164;32.36
31.440000534057617;32.27
31.649999618530273;32.34
31.770000457763672;32.5
31.950000762939453;33.17
32.119998931884766;33.32
32.290000915527344;33.19
32.58000183105469;33.01
33.04999923706055;33.13
32.779998779296875;32.18
32.689998626708984;33.81
32.439998626708984;33.36
32.66999816894531;33.07
32.58000183105469;33.34
32.91999816894531;33.66
32.79999923706055;33.15
32.849998474121094;33.09
33.279998779296875;32.35
33.220001220703125;33.02
33.29999923706055;32.87
33.52000045776367;32.62
33.04999923706055;32.7
32.790000915527344;33.25
32.939998626708984;33.44
32.9900016784668;33.67
33.09000015258789;33.64
33.400001525878906;33.43
33.20000076293945;33.11
33.099998474121094;33.27
33.130001068115234;33.19
33.09000015258789;33.62
33.099998474121094;33.72
33.0;33.46
33.06999969482422;33.51
33.209999084472656;33.55
33.290000915527344;33.56
33.459999084472656;33.8
33.029998779296875;34.36
33.02000045776367;34.14
33.41999816894531;33.94
33.59000015258789;33.83
33.68000030517578;34.05
33.40999984741211;33.94
33.560001373291016;33.96
33.349998474121094;34.24
33.27000045776367;35.3
33.439998626708984;36.18
33.790000915527344;35.9
34.11000061035156;35.72
34.47999954223633;35.77
34.900001525878906;35.67
35.20000076293945;35.47
35.2400016784668;35.55
35.459999084472656;35.58
35.58000183105469;35.67
35.369998931884766;35.39
35.58000183105469;35.47
35.72999954223633;35.98
35.720001220703125;36.16
35.7599983215332;36.09
35.75;35.71
35.7400016784668;35.73
35.939998626708984;35.18
35.70000076293945;35.19
35.33000183105469;36.11
35.470001220703125;36.66
35.560001373291016;36.67
35.25;36.86
35.38999938964844;37.07
35.84000015258789;37.29
35.9900016784668;39.26
36.58000183105469;39.22
36.91999816894531;39.31
37.290000915527344;39.15
37.95000076293945;39.02
38.310001373291016;39.57
38.439998626708984;39.57
39.0099983215332;39.44
39.40999984741211;38.62
39.279998779296875;38.15
39.45000076293945;38.41
39.13999938964844;38.89
39.15999984741211;39.6
39.130001068115234;38.93
39.15999984741211;39.2
38.709999084472656;39.9
38.86000061035156;39.43
39.04999923706055;38.95
39.310001373291016;39.12
39.040000915527344;39.04
39.33000183105469;38.45
39.349998474121094;38.87
39.5099983215332;38.25
39.81999969482422;37.68
39.150001525878906;36.76
38.9900016784668;36.91
38.68000030517578;37.33
38.33000183105469;37.87
37.93000030517578;37.52
37.709999084472656;38.25
37.439998626708984;38.81
37.29999923706055;38.91
37.58000183105469;38.5
37.7599983215332;38.88
37.91999816894531;39.25
37.95000076293945;39.02
38.099998474121094;38.8
38.130001068115234;38.6
38.66999816894531;38.42
38.779998779296875;38.27
38.470001220703125;38.07
38.41999816894531;37.81
37.97999954223633;37.93
37.650001525878906;37.69
37.79999923706055;37.76
37.790000915527344;37.14
37.5;37.59
37.54999923706055;37.3
37.22999954223633;37.44
37.18000030517578;38.07
37.41999816894531;38.27
37.27000045776367;37.97
37.400001525878906;38.33
37.720001220703125;38.55
37.65999984741211;38.95
37.79999923706055;39.02
38.09000015258789;39.18
37.88999938964844;39.0
38.279998779296875;38.59
38.41999816894531;38.65
38.27000045776367;38.99
38.54999923706055;39.02
38.630001068115234;39.76
38.720001220703125;37.59
39.04999923706055;37.65
38.779998779296875;37.59
38.40999984741211;37.06
38.220001220703125;37.13
37.91999816894531;37.5
37.5;37.47
37.279998779296875;37.58
37.2599983215332;37.27
37.27000045776367;37.21
36.90999984741211;37.24
36.959999084472656;37.11
36.97999954223633;37.59
37.060001373291016;37.69
36.869998931884766;36.58
36.77000045776367;36.27
36.150001525878906;35.66
36.130001068115234;35.67
35.79999923706055;35.63
35.81999969482422;35.52
35.54999923706055;35.65
35.06999969482422;34.86
35.09000015258789;34.74
34.939998626708984;34.94
34.75;34.76
34.45000076293945;34.42
34.41999816894531;34.44
34.20000076293945;34.62
33.81999969482422;35.11
33.65999984741211;34.69
33.84000015258789;34.24
33.79999923706055;34.03
33.65999984741211;34.47
33.209999084472656;34.33
33.349998474121094;34.72
33.52000045776367;35.35
33.84000015258789;35.96
33.90999984741211;36.19
34.290000915527344;35.83
34.41999816894531;35.98
34.279998779296875;36.14
34.560001373291016;35.51
34.65999984741211;35.45
34.5099983215332;35.82
34.779998779296875;35.84
34.599998474121094;35.56
34.689998626708984;35.09
34.97999954223633;35.8
34.790000915527344;35.64
34.9900016784668;36.89
35.20000076293945;36.81
35.5;36.73
35.779998779296875;36.68
35.88999938964844;35.78
35.65999984741211;35.67
35.459999084472656;34.97
35.38999938964844;34.81
35.470001220703125;33.47
35.130001068115234;33.89
34.36000061035156;32.01
34.150001525878906;31.85
33.31999969482422;29.91
32.849998474121094;31.42
31.889999389648438;28.56
31.510000228881836;29.08
30.850000381469727;29.96
30.170000076293945;30.47
29.549999237060547;30.26
29.760000228881836;30.21
29.690000534057617;29.47
29.149999618530273;28.84
28.850000381469727;28.99
28.709999084472656;29.07
28.559999465942383;29.44
27.84000015258789;28.98
27.979999542236328;29.34
27.979999542236328;30.02
27.850000381469727;30.41
28.079999923706055;30.84
28.329999923706055;30.22
28.59000015258789;29.39
28.700000762939453;28.76
28.6200008392334;29.54
28.610000610351562;28.93
28.549999237060547;28.11
28.1299991607666;28.33
28.1200008392334;28.48
28.06999969482422;29.24
28.030000686645508;29.83
27.989999771118164;29.8
28.360000610351562;29.44
28.670000076293945;29.26
28.579999923706055;28.32
28.799999237060547;26.76
28.469999313354492;27.01
27.729999542236328;27.44
27.420000076293945;28.21
27.059999465942383;27.6
27.670000076293945;27.75
27.760000228881836;27.31
27.31999969482422;26.26
26.700000762939453;27.04
26.540000915527344;28.53
26.65999984741211;29.0
27.280000686645508;28.7
27.59000015258789;29.88
27.75;29.53
28.1200008392334;30.57
28.600000381469727;30.38
28.969999313354492;31.21
29.309999465942383;30.23
29.670000076293945;30.73
29.719999313354492;30.43
29.670000076293945;30.64
29.670000076293945;31.84
29.579999923706055;32.03
29.6299991607666;31.25
30.06999969482422;31.74
30.440000534057617;32.85
30.440000534057617;32.79
31.09000015258789;31.58
31.84000015258789;30.42
32.150001525878906;30.85
31.690000534057617;31.72
31.270000457763672;31.47
32.11000061035156;31.83
32.2400016784668;31.95
32.209999084472656;30.6
32.279998779296875;31.36
32.27000045776367;33.23
31.8799991607666;32.7
31.610000610351562;33.0
31.8700008392334;32.17
32.380001068115234;31.83
32.459999084472656;32.26
32.279998779296875;31.08
32.70000076293945;30.8
32.099998474121094;30.24
32.209999084472656;30.34
31.309999465942383;30.85
31.209999084472656;30.79
31.049999237060547;32.46
30.940000534057617;32.59
31.18000030517578;33.15
31.360000610351562;33.45
31.829999923706055;33.35
31.989999771118164;33.59
32.61000061035156;32.52
32.5099983215332;33.1
32.470001220703125;33.18
32.540000915527344;32.9
32.689998626708984;32.37
32.86000061035156;32.4
32.5099983215332;32.52
32.22999954223633;31.99
32.09000015258789;33.3
31.959999084472656;33.39
31.75;34.02
32.15999984741211;34.71
32.310001373291016;34.63
32.91999816894531;34.29
32.9900016784668;34.72
33.61000061035156;34.52
34.279998779296875;35.27
34.290000915527344;35.77
35.130001068115234;36.37
35.63999938964844;36.74
36.529998779296875;36.6
36.849998474121094;36.49
36.689998626708984;35.63
36.5099983215332;35.66
36.66999816894531;35.35
36.70000076293945;35.43
36.25;35.92
36.11000061035156;36.31
36.63999938964844;36.19
36.439998626708984;36.14
36.31999969482422;36.14
36.83000183105469;36.42
37.060001373291016;36.23
36.650001525878906;36.14
37.040000915527344;35.9
37.33000183105469;35.81
37.13999938964844;36.21
37.27000045776367;35.82
37.13999938964844;36.83
36.75;37.25
37.040000915527344;37.73
37.529998779296875;38.0
38.09000015258789;38.23
38.11000061035156;38.16
37.650001525878906;38.47
37.630001068115234;38.3
37.59000015258789;37.98
38.060001373291016;38.24
37.97999954223633;38.44
38.36000061035156;38.27
38.56999969482422;38.0
38.33000183105469;38.19
38.630001068115234;38.03
38.72999954223633;38.34
38.689998626708984;38.6
38.970001220703125;38.66
39.13999938964844;39.03
39.09000015258789;39.0
39.31999969482422;39.31
39.09000015258789;38.67
39.119998931884766;38.44
39.029998779296875;38.69
39.060001373291016;38.89
38.7599983215332;38.98
39.130001068115234;40.52
39.040000915527344;40.03
39.09000015258789;40.02
38.90999984741211;39.76
38.970001220703125;39.99
39.15999984741211;39.81
39.529998779296875;39.84
39.650001525878906;39.86
39.720001220703125;40.19
39.709999084472656;40.86
40.029998779296875;40.65
40.029998779296875;40.06
40.54999923706055;39.6
40.63999938964844;40.31
40.2400016784668;40.36
40.79999923706055;39.86
40.689998626708984;39.52
40.849998474121094;39.66
40.380001068115234;38.77
39.470001220703125;37.74
39.52000045776367;38.09
38.939998626708984;38.81
38.43000030517578;38.53
38.540000915527344;38.35
38.79999923706055;39.29
38.61000061035156;39.12
38.79999923706055;38.74
38.5099983215332;38.99
38.97999954223633;38.68
38.599998474121094;38.83
38.849998474121094;39.31
39.18000030517578;39.92
39.380001068115234;39.91
39.33000183105469;39.69
39.31999969482422;40.32
39.4900016784668;40.09
39.38999938964844;40.33
39.380001068115234;39.52
39.4900016784668;40.34
39.5099983215332;40.79
39.439998626708984;41.45
39.63999938964844;41.69
40.13999938964844;41.95
40.439998626708984;41.59
40.47999954223633;41.44
40.77000045776367;41.5
41.70000076293945;40.81
42.040000915527344;40.33
41.61000061035156;40.87
40.9900016784668;40.87
41.06999969482422;40.7
41.02000045776367;40.91
41.869998931884766;40.97
41.650001525878906;41.87
41.439998626708984;41.61
41.560001373291016;42.08
41.20000076293945;40.88
41.400001525878906;40.89
41.099998474121094;41.28
40.689998626708984;41.92
40.369998931884766;42.01
41.290000915527344;42.57
41.630001068115234;42.17
42.2599983215332;42.7
42.209999084472656;42.56
42.619998931884766;43.44
42.34000015258789;43.35
43.130001068115234;43.36
43.290000915527344;43.74
43.75;43.94
43.93000030517578;43.64
43.38999938964844;43.7
43.689998626708984;42.99
43.939998626708984;43.55
43.70000076293945;44.07
43.400001525878906;44.03
44.099998474121094;44.65
44.130001068115234;44.85
44.68000030517578;44.73
44.43000030517578;44.29
44.459999084472656;44.23
44.560001373291016;44.19
44.43000030517578;43.6
43.90999984741211;43.52
44.4900016784668;43.65
44.5;44.37
44.209999084472656;44.06
44.65999984741211;45.43
44.7599983215332;45.43
45.41999816894531;45.1
45.29999923706055;44.73
45.439998626708984;44.17
45.439998626708984;44.34
45.099998474121094;44.47
45.119998931884766;45.77
44.790000915527344;45.98
44.619998931884766;45.85
44.880001068115234;45.24
45.349998474121094;44.95
45.68000030517578;45.09
45.40999984741211;45.82
45.33000183105469;45.71
45.45000076293945;45.86
45.86000061035156;46.48
46.02000045776367;46.0
45.79999923706055;45.71
45.959999084472656;45.9
46.349998474121094;45.75
46.2599983215332;45.93
46.150001525878906;46.26
46.16999816894531;46.46
46.08000183105469;46.45
45.75;45.7
45.79999923706055;45.72
46.0;45.27
45.72999954223633;45.63
45.630001068115234;45.69
45.15999984741211;45.69
45.400001525878906;46.07
45.720001220703125;45.5
45.630001068115234;45.54
45.880001068115234;45.72
45.7599983215332;46.76
45.90999984741211;47.75
46.25;47.63
46.63999938964844;47.43
47.08000183105469;47.47
47.16999816894531;47.6
47.119998931884766;48.43
47.41999816894531;48.2
47.70000076293945;48.01
48.560001373291016;47.78
48.369998931884766;48.52
48.650001525878906;48.48
48.959999084472656;48.56
48.939998626708984;48.72
49.25;48.37
49.040000915527344;47.82
49.040000915527344;48.41
48.90999984741211;48.13
48.77000045776367;47.94
49.060001373291016;47.54
48.61000061035156;48.31
48.41999816894531;48.45
48.7599983215332;48.77
49.0;48.18
49.15999984741211;47.42
49.220001220703125;47.15
49.20000076293945;46.35
48.70000076293945;46.58
47.599998474121094;46.76
47.47999954223633;47.17
47.20000076293945;48.14
47.2400016784668;48.26
47.36000061035156;47.78
47.810001373291016;47.68
47.310001373291016;46.73
46.95000076293945;46.63
47.02000045776367;46.27
46.88999938964844;46.11
46.75;45.22
46.779998779296875;45.83
46.02000045776367;45.9
45.869998931884766;46.33
45.90999984741211;46.47
46.060001373291016;46.11
46.060001373291016;46.07
45.68000030517578;43.33
45.599998474121094;43.69
44.220001220703125;44.15
43.810001373291016;43.43
43.45000076293945;43.7
43.18000030517578;43.66
42.91999816894531;44.11
42.959999084472656;44.6
42.95000076293945;44.82
43.45000076293945;45.35
43.18000030517578;45.14
43.11000061035156;44.74
43.650001525878906;45.3
43.54999923706055;45.78
44.119998931884766;45.72
44.2599983215332;45.38
44.63999938964844;45.39
44.68000030517578;45.66
44.66999816894531;45.86
44.95000076293945;46.03
45.52000045776367;46.09
45.58000183105469;46.25
45.7400016784668;46.4
45.91999816894531;45.91
45.97999954223633;45.5
45.75;46.07
45.720001220703125;46.95
46.150001525878906;46.68
46.599998474121094;47.61
46.54999923706055;46.74
47.060001373291016;46.63
47.060001373291016;46.6
46.900001525878906;46.3
47.060001373291016;45.95
46.97999954223633;46.54
46.779998779296875;47.77
46.72999954223633;47.87
46.779998779296875;48.79
47.33000183105469;47.65
47.439998626708984;47.45
47.439998626708984;47.47
47.86000061035156;47.48
48.11000061035156;47.28
48.36000061035156;47.29
47.869998931884766;47.76
47.83000183105469;48.17
48.08000183105469;48.99
48.380001068115234;48.93
48.560001373291016;49.29
49.09000015258789;50.43
49.189998626708984;50.43
49.619998931884766;50.83
50.130001068115234;50.82
50.70000076293945;50.47
51.36000061035156;50.28
51.970001220703125;50.37
51.439998626708984;51.03
51.77000045776367;50.39
51.970001220703125;50.75
51.709999084472656;50.97
51.56999969482422;50.82
51.689998626708984;51.1
52.06999969482422;51.18
51.900001525878906;51.37
51.970001220703125;51.38
52.189998626708984;51.3
52.2400016784668;51.98
52.25;52.1
52.720001220703125;51.04
53.0099983215332;50.64
52.9900016784668;50.71
52.41999816894531;50.1
52.540000915527344;50.39
52.65999984741211;50.93
52.150001525878906;51.03
51.95000076293945;51.72
52.029998779296875;52.16
52.619998931884766;52.8
52.7599983215332;52.69
52.90999984741211;52.65
52.7400016784668;53.65
52.900001525878906;53.9
53.4900016784668;53.39
54.119998931884766;53.6
54.619998931884766;53.98
54.54999923706055;53.83
54.599998474121094;53.12
55.189998626708984;52.64
55.369998931884766;53.23
54.72999954223633;52.64
54.5099983215332;53.08
54.52000045776367;52.54
54.279998779296875;52.94
53.7400016784668;52.79
53.779998779296875;53.1
54.5;52.99
54.650001525878906;53.71
54.58000183105469;53.52
54.61000061035156;53.83
55.060001373291016;53.94
55.13999938964844;54.98
54.880001068115234;55.28
55.45000076293945;56.19
55.75;56.6
56.68000030517578;56.6
57.689998626708984;55.04
58.47999954223633;56.79
58.56999969482422;56.72
58.88999938964844;56.08
58.79999923706055;57.55
59.029998779296875;57.97
59.20000076293945;58.51
59.77000045776367;57.9
59.81999969482422;57.96
60.43000030517578;57.84
60.540000915527344;58.89
60.130001068115234;58.74
61.0099983215332;59.09
61.09000015258789;59.71
61.439998626708984;60.57
61.68000030517578;60.82
62.380001068115234;61.76
63.36000061035156;61.69
63.72999954223633;62.32
63.880001068115234;62.82
64.54000091552734;62.93
65.08000183105469;63.07
65.36000061035156;63.26
65.91999816894531;62.14
66.0999984741211;62.24
65.87000274658203;61.81
65.76000213623047;61.54
65.5;61.29
65.45999908447266;60.98
64.93000030517578;61.22
64.69000244140625;62.34
64.87999725341797;61.94
64.8499984741211;60.43
64.52999877929688;58.97
63.81999969482422;59.64
63.0;60.15
62.75;59.0
62.630001068115234;59.02
62.16999816894531;60.62
61.66999816894531;59.67
61.5099983215332;59.64
61.540000915527344;58.88
61.9900016784668;60.11
61.380001068115234;59.64
60.81999969482422;60.28
60.650001525878906;61.03
60.779998779296875;60.14
61.02000045776367;57.94
60.810001373291016;58.64
60.11000061035156;58.37
59.52000045776367;58.49
59.29999923706055;59.09
59.4900016784668;59.57
59.38999938964844;59.03
59.02000045776367;59.76
59.459999084472656;59.14
59.720001220703125;59.46
60.099998474121094;59.66
60.34000015258789;60.49
60.31999969482422;60.71
60.81999969482422;60.68
61.150001525878906;62.24
61.2599983215332;62.61
62.08000183105469;61.63
63.22999954223633;60.79
62.91999816894531;61.1
62.88999938964844;61.53
63.20000076293945;60.91
63.31999969482422;60.2
63.36000061035156;60.25
62.86000061035156;60.43
62.709999084472656;60.34
62.61000061035156;60.74
62.400001525878906;60.4
62.72999954223633;60.0
62.689998626708984;60.43
62.150001525878906;61.1
62.33000183105469;62.17
62.619998931884766;61.72
62.75;62.68
62.7599983215332;61.61
63.40999984741211;61.46
63.970001220703125;60.51
64.01000213623047;59.76
63.63999938964844;59.81
63.099998474121094;59.79
62.54999923706055;58.31
61.849998474121094;58.12
61.540000915527344;57.8
60.72999954223633;57.85
60.959999084472656;57.15
60.65999984741211;57.62
59.38999938964844;57.7
59.029998779296875;57.35
58.779998779296875;56.73
58.40999984741211;56.84
57.54999923706055;57.1
57.0;56.86
57.470001220703125;56.96
57.81999969482422;57.13
57.650001525878906;57.3
57.540000915527344;57.39
57.83000183105469;57.57
57.54999923706055;58.73
57.369998931884766;59.77
57.90999984741211;61.22
58.84000015258789;62.34
59.779998779296875;62.58
60.95000076293945;62.61
61.36000061035156;62.73
62.52000045776367;61.43
62.900001525878906;60.77
63.400001525878906;60.53
63.349998474121094;60.13
63.209999084472656;60.25
63.36000061035156;60.99
63.119998931884766;60.94
63.369998931884766;60.28
62.72999954223633;60.6
61.939998626708984;60.65
62.040000915527344;59.85
62.22999954223633;61.04
61.72999954223633;60.38
61.369998931884766;59.83
61.34000015258789;59.44
60.779998779296875;61.3
60.130001068115234;61.89
61.16999816894531;62.47
62.0099983215332;62.11
62.779998779296875;62.02
63.41999816894531;62.09
64.12000274658203;62.77
64.02999877929688;63.2
63.75;64.5
63.290000915527344;63.68
63.959999084472656;64.55
64.7300033569336;64.74
65.2300033569336;64.5
65.37000274658203;64.43
65.80000305175781;64.01
65.91000366210938;64.12
65.45999908447266;64.51
65.91999816894531;64.32
65.97000122070312;64.36
66.52999877929688;64.5
66.91000366210938;62.77
66.69999694824219;64.11
66.44000244140625;63.88
67.12999725341797;63.35
66.22000122070312;64.47
66.43000030517578;65.45
66.9000015258789;65.44
66.88999938964844;64.97
67.19000244140625;64.61
67.66000366210938;64.72
67.2300033569336;65.38
67.01000213623047;65.62
67.41999816894531;65.19
67.63999938964844;66.54
68.11000061035156;66.16
68.0199966430664;65.94
68.44999694824219;66.29
68.91999816894531;65.34
68.87999725341797;65.41
68.8499984741211;65.65
69.25;66.8
68.80999755859375;66.47
68.69000244140625;66.9
68.31999969482422;65.92
68.7300033569336;65.89
68.91000366210938;65.88
68.91999816894531;66.73
69.06999969482422;66.87
68.8499984741211;68.33
69.0999984741211;69.05
69.7300033569336;68.51
70.26000213623047;69.35
70.33000183105469;69.89
70.44000244140625;70.62
70.7699966430664;70.36
71.0999984741211;72.14
71.37999725341797;72.3
71.77999877929688;72.18
72.5999984741211;72.03
73.33000183105469;71.75
74.13999938964844;72.24
74.79000091552734;71.18
74.9000015258789;70.88
75.02999877929688;71.34
75.58999633789062;69.34
75.52999877929688;70.45
75.13999938964844;70.29
74.81999969482422;70.23
74.72000122070312;70.01
74.61000061035156;70.22
73.93000030517578;71.27
73.76000213623047;70.78
74.13999938964844;68.82
73.80999755859375;68.37
73.16999816894531;68.97
71.91000366210938;67.5
71.94999694824219;69.29
71.76000213623047;68.71
71.80000305175781;66.23
71.0199966430664;67.24
71.0;67.91
70.56999969482422;71.51
70.16000366210938;71.61
70.0999984741211;72.92
71.12999725341797;73.62
71.69999694824219;73.73
73.37000274658203;73.72
73.97000122070312;74.98
74.44000244140625;75.31
75.5999984741211;74.64
76.3499984741211;74.94
76.5999984741211;75.83
77.5199966430664;76.4
77.4000015258789;75.91
78.48999786376953;75.78
79.43000030517578;76.16
78.69999694824219;76.47
78.5999984741211;75.2
78.05000305175781;77.33
77.61000061035156;78.24
78.19000244140625;78.87
78.9000015258789;77.8
79.83999633789062;77.57
80.79000091552734;76.7
80.44000244140625;77.01
80.08999633789062;75.64
80.70999908447266;75.77
80.22000122070312;77.02
79.05999755859375;77.59
79.30999755859375;76.2
80.05000305175781;76.47
79.94000244140625;76.04
78.97000122070312;75.22
78.9800033569336;75.28
78.55999755859375;74.4
77.77999877929688;74.27
76.9000015258789;74.75
76.02999877929688;75.77
76.73999786376953;77.19
77.23999786376953;77.29
77.62999725341797;77.31
78.48999786376953;76.11
78.7699966430664;74.88
78.47000122070312;75.3
78.44999694824219;76.15
78.58000183105469;73.35
78.70999908447266;72.88
77.7300033569336;73.45
76.98999786376953;73.49
75.94999694824219;74.71
74.68000030517578;75.7
75.19999694824219;74.86
75.62999725341797;75.19
75.5;75.25
75.58999633789062;75.32
75.11000061035156;74.03
75.66000366210938;73.61
76.11000061035156;74.42
74.61000061035156;75.08
75.5999984741211;75.29
76.9000015258789;76.0
77.33999633789062;76.86
77.97000122070312;76.68
77.26000213623047;75.98
77.6500015258789;77.22
78.37999725341797;77.55
78.33000183105469;78.0
78.9800033569336;77.68
79.19999694824219;76.58
79.29000091552734;75.85
79.45999908447266;76.08
78.95999908447266;76.7
79.30999755859375;76.74
79.45999908447266;77.78
78.47000122070312;77.93
79.18000030517578;78.85
79.62999725341797;79.25
79.83999633789062;79.11
79.54000091552734;79.52
80.05999755859375;79.5
80.13999938964844;79.75
80.3499984741211;79.38
80.6500015258789;79.72
81.62999725341797;80.23
81.12999725341797;80.07
81.2699966430664;80.89
81.8499984741211;80.2
82.7699966430664;79.79
83.61000061035156;78.36
83.13999938964844;78.36
83.08000183105469;78.83
82.2300033569336;78.7
81.44000244140625;79.09
80.44999694824219;79.27
80.93000030517578;78.38
80.3499984741211;78.32
80.76000213623047;78.24
80.83000183105469;79.4
80.7300033569336;79.92
80.80000305175781;80.72
81.69999694824219;81.14
82.12999725341797;81.83
82.63999938964844;81.8
83.02999877929688;82.18
83.0;81.94
83.95999908447266;81.25
83.80999755859375;82.54
83.86000061035156;82.2
83.94999694824219;82.23
84.12000274658203;82.1
83.55999755859375;81.53
83.58999633789062;80.77
83.94999694824219;80.47
83.8499984741211;81.21
83.9000015258789;81.14
82.91000366210938;81.58
82.56999969482422;81.42
83.5999984741211;82.14
82.72000122070312;81.6
82.29000091552734;82.47
83.08999633789062;81.57
83.31999969482422;82.53
83.05000305175781;81.27
82.80999755859375;80.8
82.66999816894531;82.56
82.12000274658203;82.09
81.83999633789062;81.94
81.75;80.92
82.08000183105469;82.19
82.23999786376953;82.8
82.11000061035156;82.53
82.73999786376953;82.9
82.25;83.85
81.81999969482422;84.49
82.48999786376953;85.14
83.91000366210938;85.26
84.93000030517578;85.02
85.94000244140625;85.53
85.61000061035156;85.63
85.91999816894531;85.53
86.54000091552734;85.19
86.66999816894531;85.52
87.26000213623047;85.39
86.69000244140625;85.06
86.75;85.93
86.8499984741211;86.06
87.66999816894531;85.3
87.45999908447266;86.06
86.5199966430664;85.7
86.87000274658203;84.79
87.7699966430664;84.72
87.54000091552734;85.14
87.22000122070312;84.86
86.9800033569336;85.25
87.0;85.43
86.93000030517578;85.48
86.58999633789062;85.49
87.47000122070312;85.63
87.6500015258789;84.5
87.66000366210938;83.57
88.27999877929688;84.65
87.12000274658203;83.34
87.37999725341797;83.98
87.41000366210938;84.06
86.2300033569336;84.25
85.54000091552734;82.79
84.97000122070312;82.13
84.83999633789062;83.7
83.76000213623047;83.81
83.33000183105469;82.44
83.69999694824219;83.38
84.16999816894531;81.11
84.08999633789062;81.64
83.3499984741211;79.41
82.9000015258789;79.62
81.66000366210938;77.68
81.16000366210938;77.35
80.19000244140625;79.33
78.83000183105469;80.93
78.31999969482422;82.84
78.05000305175781;82.43
78.30000305175781;83.27
78.94000244140625;83.85
78.66000366210938;83.7
79.23999786376953;85.1
80.27999877929688;84.73
81.33999633789062;85.38
82.16000366210938;86.48
83.66000366210938;86.79
84.55000305175781;85.5
85.33000183105469;86.12
85.58999633789062;87.06
86.2699966430664;85.17
88.04000091552734;84.96
87.02999877929688;85.15
87.19999694824219;85.08
86.58999633789062;85.63
86.29000091552734;85.93
86.20999908447266;85.56
87.05000305175781;85.44
86.30000305175781;85.0
86.29000091552734;84.13
86.18000030517578;84.19
85.61000061035156;85.72
85.91000366210938;86.73
86.18000030517578;86.99
86.75;87.55
86.86000061035156;87.73
87.7300033569336;88.45
88.12000274658203;88.11
89.23999786376953;88.23
89.33000183105469;88.73
89.5199966430664;88.77
89.76000213623047;87.95
89.37999725341797;86.71
90.12999725341797;87.93
89.94000244140625;87.68
90.26000213623047;87.12
89.58999633789062;86.42
89.56999969482422;87.58
88.97000122070312;88.75
87.68000030517578;89.02
87.37999725341797;90.28
88.69000244140625;90.75
89.0199966430664;90.49
89.2699966430664;91.07
89.54000091552734;91.52
89.94000244140625;90.76
90.73999786376953;90.27
90.75;89.85
91.20999908447266;88.53
91.1500015258789;88.06
90.5199966430664;88.96
89.58999633789062;89.88
90.29000091552734;90.33
90.30999755859375;90.53
89.83999633789062;91.23
89.87000274658203;90.31
90.16000366210938;90.42
89.70999908447266;91.22
90.4800033569336;90.8
91.33000183105469;90.25
91.55000305175781;91.19
90.9000015258789;90.78
91.41000366210938;91.02
91.44000244140625;90.06
91.52999877929688;88.81
91.91000366210938;89.34
92.0199966430664;87.17
92.16999816894531;88.1
91.13999938964844;90.18
90.94000244140625;97.06
91.02999877929688;98.37
92.58000183105469;97.77
94.73999786376953;97.49
95.62999725341797;97.68
96.25;97.63
97.37999725341797;99.27
98.16999816894531;99.83
98.83999633789062;99.78
99.86000061035156;99.54
100.0199966430664;99.56
100.66000366210938;100.2
101.33000183105469;100.62
102.08999633789062;100.31
103.19999694824219;101.17
103.20999908447266;100.21
103.86000061035156;99.75
104.1500015258789;101.48
102.83000183105469;101.92
103.31999969482422;101.17
103.69000244140625;100.66
103.80999755859375;99.5
104.37000274658203;100.88
103.3499984741211;98.8
103.6500015258789;98.61
104.0;102.71
103.5;102.01
103.33000183105469;102.9
103.66000366210938;102.51
105.16000366210938;103.47
104.36000061035156;102.9
103.08999633789062;103.92
104.3499984741211;103.71
105.05999755859375;102.65
104.19999694824219;100.63
103.08999633789062;100.86
102.33999633789062;101.09
102.44000244140625;101.7
102.83999633789062;100.52
102.62000274658203;101.05
102.91000366210938;101.59
102.13999938964844;101.23
101.69999694824219;101.04
102.33999633789062;101.93
101.68000030517578;102.32
101.70999908447266;102.5
101.61000061035156;102.08
101.5999984741211;102.22
101.05999755859375;102.53
100.76000213623047;103.6
100.7300033569336;102.25
101.69000244140625;103.71
100.9000015258789;103.2
101.05000305175781;103.45
101.63999938964844;104.46
102.16999816894531;104.97
102.23999786376953;105.57
102.18000030517578;105.34
102.94999694824219;105.24
103.2699966430664;104.19
103.62000274658203;105.92
103.31999969482422;106.41
104.43000030517578;106.2
104.80999755859375;105.15
104.91000366210938;104.71
104.73999786376953;105.53
104.13999938964844;104.08
104.02999877929688;104.69
104.04000091552734;104.64
104.80000305175781;105.35
105.12000274658203;105.71
105.83000183105469;105.74
105.45999908447266;105.96
104.5;105.61
104.38999938964844;105.79
103.70999908447266;105.67
103.30000305175781;104.88
103.44000244140625;105.77
104.44000244140625;105.93
102.75;105.77
103.54000091552734;106.34
103.70999908447266;106.14
104.12999725341797;106.54
104.31999969482422;105.71
104.0;105.71
105.0199966430664;104.74
105.66999816894531;104.0
105.47000122070312;105.42
104.97000122070312;106.01
104.83999633789062;105.37
103.91999816894531;105.59
103.08000183105469;106.44
102.81999969482422;106.85
103.08999633789062;108.51
103.5999984741211;107.93
104.05000305175781;108.8
104.54000091552734;109.65
104.79000091552734;109.03
105.88999938964844;109.68
106.01000213623047;110.2
106.80999755859375;108.34
107.79000091552734;109.39
107.51000213623047;110.98
107.63999938964844;110.82
107.98999786376953;111.53
107.75;112.88
107.69000244140625;111.04
108.62000274658203;111.43
107.36000061035156;112.24
107.76000213623047;113.79
107.66000366210938;113.6
108.18000030517578;114.03
108.94000244140625;114.78
110.33000183105469;114.57
110.72000122070312;115.27
111.12999725341797;115.01
111.91999816894531;115.03
112.47000122070312;114.52
112.27999877929688;114.62
112.23999786376953;113.99
112.68000030517578;114.19
111.69999694824219;115.52
111.69999694824219;115.7
112.22000122070312;115.67
112.2699966430664;116.75
113.0199966430664;117.3
112.87999725341797;106.54
113.62000274658203;104.64
110.98999786376953;105.41
107.45999908447266;107.0
105.48999786376953;104.11
105.0999984741211;103.13
104.0;103.64
101.2699966430664;103.3
99.33000183105469;105.12
98.76000213623047;103.08
98.6500015258789;102.61
97.54000091552734;96.41
97.22000122070312;95.28
94.33000183105469;91.92
93.86000061035156;92.43
92.3499984741211;95.65
90.31999969482422;98.49
89.86000061035156;98.78
90.2300033569336;98.21
90.73999786376953;95.92
90.7300033569336;98.22
89.11000061035156;98.31
88.30999755859375;97.33
89.61000061035156;100.26
89.37999725341797;98.23
89.58999633789062;98.9
89.20999908447266;100.71
90.02999877929688;100.08
92.18000030517578;99.7
92.0;100.21
92.93000030517578;100.44
94.58000183105469;99.13
94.9000015258789;99.68
94.25;98.79
94.4000015258789;97.91
95.23999786376953;96.99
94.93000030517578;96.68
94.0;94.94
91.80999755859375;95.83
91.13999938964844;98.51
91.16000366210938;98.97
92.94000244140625;99.29
93.11000061035156;100.1
93.87999725341797;100.03
93.87000274658203;99.66
93.41999816894531;100.84
94.54000091552734;101.75
96.31999969482422;102.51
96.5999984741211;102.75
97.7699966430664;101.92
97.93000030517578;104.0
98.2300033569336;104.34
98.94999694824219;105.52
98.80999755859375;105.88
100.91000366210938;106.12
102.11000061035156;109.17
100.6500015258789;109.01
101.47000122070312;109.43
102.63999938964844;109.67
103.69000244140625;110.22
104.23999786376953;110.89
104.87999725341797;109.64
106.2300033569336;110.89
106.5199966430664;111.37
106.23999786376953;109.17
107.11000061035156;108.92
108.37000274658203;111.5
106.69000244140625;112.22
107.55999755859375;113.19
107.19999694824219;112.32
107.61000061035156;112.02
107.56999969482422;110.7
106.97000122070312;111.74
107.41999816894531;111.94
106.94999694824219;113.88
107.93000030517578;114.43
108.3499984741211;115.74
108.58999633789062;115.11
109.44000244140625;113.7
110.63999938964844;114.39
110.04000091552734;110.98
109.86000061035156;109.38
108.04000091552734;111.23
107.1500015258789;109.89
107.9000015258789;107.85
106.76000213623047;110.12
106.33000183105469;109.73
104.5999984741211;108.42
105.68000030517578;107.45
103.86000061035156;107.45
102.68000030517578;104.81
101.25;106.08
101.36000061035156;108.81
99.22000122070312;110.39
98.62999725341797;108.66
100.43000030517578;104.5
101.45999908447266;103.4
99.94999694824219;103.55
95.87000274658203;102.41
95.6500015258789;102.7
95.12999725341797;104.04
94.66999816894531;103.88
94.3499984741211;103.16
95.36000061035156;101.94
95.98999786376953;99.9
96.08999633789062;97.88
93.95999908447266;97.36
92.91000366210938;96.53
93.55000305175781;96.28
91.97000122070312;96.93
91.83999633789062;98.43
91.05000305175781;95.54
91.44000244140625;96.15
90.1500015258789;91.09
91.08999633789062;91.16
91.2300033569336;89.77
89.61000061035156;91.21
88.4800033569336;94.0
89.0199966430664;92.44
89.16000366210938;93.39
87.98999786376953;91.5
88.66999816894531;90.74
88.33999633789062;92.96
87.76000213623047;92.31
86.52999877929688;90.34
87.86000061035156;92.3
88.5199966430664;92.58
88.16000366210938;91.09
87.73999786376953;89.37
87.94000244140625;89.56
88.94999694824219;86.19
88.44000244140625;87.61
87.29000091552734;88.43
87.41999816894531;90.13
85.83000183105469;92.65
85.38999938964844;92.33
86.69999694824219;92.17
88.2300033569336;93.49
89.12000274658203;92.53
89.73999786376953;92.58
89.91999816894531;92.79
89.5;92.46
90.77999877929688;92.67
90.31999969482422;94.73
90.25;94.1
89.68000030517578;95.87
90.11000061035156;95.54
90.69999694824219;96.42
91.7699966430664;94.9
91.72000122070312;94.74
90.95999908447266;94.14
89.22000122070312;95.01
90.11000061035156;95.86
90.75;95.3
91.0;95.5
91.97000122070312;96.62
91.52999877929688;96.24
91.87000274658203;95.52
92.7300033569336;94.66
91.2699966430664;93.94
90.62000274658203;94.31
90.73999786376953;95.16
90.83000183105469;95.23
91.4000015258789;95.95
91.4800033569336;96.34
92.12000274658203;96.11
91.33999633789062;95.73
90.87000274658203;94.1
90.73999786376953;94.57
90.12999725341797;93.29
89.87999725341797;93.54
89.22000122070312;93.39
89.5199966430664;94.44
89.08000183105469;96.51
88.70999908447266;95.68
90.37999725341797;95.64
90.77999877929688;98.45
90.55999755859375;99.57
91.19000244140625;100.18
92.93000030517578;99.83
93.81999969482422;100.67
93.5;101.45
94.23999786376953;101.76
95.3499984741211;102.13
96.69000244140625;100.92
97.31999969482422;100.17
97.9800033569336;101.24
98.18000030517578;100.68
98.43000030517578;100.57
99.2300033569336;101.79
98.75;102.39
98.2300033569336;102.19
98.37000274658203;103.41
99.25;99.23
100.94999694824219;98.67
101.16000366210938;97.52
99.26000213623047;97.36
98.0199966430664;96.95
97.81999969482422;96.04
98.0;95.47
96.08000183105469;96.8
94.61000061035156;96.22
95.75;96.54
95.8499984741211;96.88
95.08000183105469;96.83
94.70999908447266;97.29
96.61000061035156;96.25
97.41999816894531;95.58
96.47000122070312;95.77
95.87999725341797;95.8
96.33000183105469;95.83
97.11000061035156;95.41
97.66000366210938;95.11
96.87999725341797;94.92
95.58000183105469;94.43
96.5199966430664;94.65
95.98999786376953;95.46
97.16000366210938;95.33
96.58000183105469;95.44
96.80999755859375;96.04
96.69000244140625;96.59
97.6500015258789;95.87
97.0199966430664;95.84
97.38999938964844;96.06
97.27999877929688;92.86
98.08999633789062;91.56
98.02999877929688;93.18
96.05000305175781;94.08
96.0199966430664;94.9
96.19000244140625;95.1
95.75;94.74
96.73999786376953;95.51
97.55000305175781;96.16
97.52999877929688;97.35
98.11000061035156;97.7
97.4000015258789;97.91
98.98999786376953;97.6
98.8499984741211;97.69
98.73999786376953;97.52
98.0199966430664;97.86
96.80999755859375;97.2
96.80000305175781;95.98
97.30999755859375;95.77
97.51000213623047;95.48
97.93000030517578;95.17
96.58999633789062;94.48
95.55000305175781;94.13
94.43000030517578;93.72
94.47000122070312;93.76
93.68000030517578;93.36
92.29000091552734;92.84
91.5;93.9
91.66999816894531;92.99
91.2699966430664;93.64
89.38999938964844;93.56
89.87000274658203;94.46
89.23999786376953;95.63
89.04000091552734;95.54
89.7699966430664;94.63
90.20999908447266;94.88
91.58000183105469;94.67
91.66999816894531;94.66
90.7300033569336;94.44
91.61000061035156;94.19
90.05999755859375;93.68
89.0;93.78
90.5999984741211;93.63
90.12999725341797;93.37
90.08000183105469;93.04
90.12000274658203;92.7
88.81999969482422;92.69
89.58000183105469;92.3
88.4000015258789;92.11
88.2699966430664;92.26
88.70999908447266;91.66
88.38999938964844;91.57
88.63999938964844;91.94
89.11000061035156;90.31
89.95999908447266;91.5
88.95999908447266;90.58
86.81999969482422;90.15
86.4000015258789;90.39
85.63999938964844;90.45
86.30000305175781;90.51
86.37999725341797;90.83
85.44999694824219;90.28
87.0;91.28
87.19000244140625;91.14
87.44000244140625;89.86
89.11000061035156;89.63
89.69000244140625;90.09
88.12999725341797;89.7
89.18000030517578;90.74
89.33999633789062;90.38
88.43000030517578;90.48
88.83000183105469;90.34
88.87000274658203;90.71
88.69000244140625;90.38
89.29000091552734;90.38
88.83999633789062;89.76
88.5199966430664;89.32
89.08000183105469;89.04
89.44999694824219;89.22
89.08000183105469;88.76
89.22000122070312;89.09
88.91000366210938;89.83
89.2300033569336;89.93
89.91999816894531;90.91
90.02999877929688;91.24
90.08000183105469;90.63
90.12999725341797;91.36
90.30000305175781;91.87
91.44000244140625;91.71
92.47000122070312;90.57
92.63999938964844;90.28
93.2300033569336;89.81
93.27999877929688;91.24
92.13999938964844;90.34
92.51000213623047;92.27
92.33999633789062;92.22
93.48999786376953;92.48
93.9800033569336;92.79
94.5;95.45
95.08000183105469;95.68
95.87999725341797;95.47
95.80000305175781;96.86
97.1500015258789;97.1
97.6500015258789;96.0
98.55999755859375;95.4
99.16999816894531;95.48
99.9800033569336;96.02
99.62000274658203;96.56
100.43000030517578;96.71
101.11000061035156;97.39
99.51000213623047;96.86
99.56999969482422;96.68
99.36000061035156;96.25
98.73999786376953;97.68
98.2699966430664;98.36
98.13999938964844;99.66
97.63999938964844;101.8
98.79000091552734;103.26
99.2699966430664;102.47
100.3499984741211;102.26
101.44999694824219;102.46
102.16000366210938;102.79
102.44000244140625;102.32
103.56999969482422;103.69
103.51000213623047;103.85
104.12000274658203;103.94
104.61000061035156;103.81
104.7300033569336;103.54
104.80000305175781;103.56
104.30000305175781;102.7
103.75;102.96
103.62999725341797;102.62
